Time,Day_of_week,Age_band_of_driver,Sex_of_driver,Educational_level,Vehicle_driver_relation,Driving_experience,Type_of_vehicle,Owner_of_vehicle,Area_accident_occured,Lanes_or_Medians,Road_allignment,Types_of_Junction,Road_surface_type,Road_surface_conditions,Light_conditions,Weather_conditions,Type_of_collision,Number_of_vehicles_involved,Number_of_casualties,Vehicle_movement,Casualty_class,Sex_of_casualty,Age_band_of_casualty,Casualty_severity,Pedestrian_movement,Cause_of_accident,Accident_severity
17:45:00,Sunday,18-30,Male,Junior high school,Employee,Below 1yr,Other,Governmental,Office areas,Two-way (divided with broken lines road marking),Tangent road with flat terrain,Crossing,Asphalt roads,Dry,Darkness - lights lit,Normal,Vehicle with vehicle collision,2,3,Moving Backward,Driver or rider,Male,18-30,2,Not a Pedestrian,Moving Backward,Slight Injury
17:45:00,Sunday,18-30,Male,Junior high school,Employee,5-10yr,Automobile,Governmental,Residential areas,Two-way (divided with broken lines road marking),Tangent road with flat terrain,Crossing,Other,Dry,Darkness - lights lit,Normal,Collision with roadside objects,2,3,Going straight,Pedestrian,Female,Under 18,3,Not a Pedestrian,Changing lane to the left,Slight Injury
19:10:00,Friday,31-50,Male,Junior high school,Owner,5-10yr,Pick up upto 10Q,Owner,School areas,Two-way (divided with broken lines road marking),Tangent road with flat terrain,Crossing,Asphalt roads,Wet or damp,Darkness - lights lit,Raining,Collision with roadside objects,1,1,Turnover,Pedestrian,Female,Under 18,2,Crossing from nearside - masked by parked or statioNot a Pedestrianry vehicle,Overturning,Slight Injury
10:13:00,Thursday,31-50,Male,,Owner,5-10yr,Automobile,Owner,Office areas,Undivided Two way,Tangent road with flat terrain,Y Shape,Asphalt roads,Dry,Daylight,Normal,Vehicle with vehicle collision,2,1,Going straight,Driver or rider,Male,Under 18,2,Not a Pedestrian,No distancing,Serious Injury
10:13:00,Thursday,Over 51,Male,Junior high school,Employee,5-10yr,Public (12 seats),Owner,Other,Undivided Two way,Tangent road with flat terrain,Y Shape,Asphalt roads,Dry,Daylight,Normal,Vehicle with vehicle collision,2,1,Going straight,na,na,na,na,Not a Pedestrian,Driving carelessly,Serious Injury
09:48:00,Friday,Under 18,Male,High school,Employee,2-5yr,Automobile,Owner,Other,Double carriageway (median),Tangent road with flat terrain,Crossing,Asphalt roads,Dry,Daylight,Normal,Vehicle with vehicle collision,2,1,Unknown,Pedestrian,Male,31-50,3,Not a Pedestrian,No distancing,Slight Injury
09:48:00,Friday,18-30,Male,Above high school,Employee,5-10yr,Other,Governmental,Other,Double carriageway (median),Tangent road with flat terrain,Crossing,Asphalt roads,Dry,Daylight,Normal,Vehicle with vehicle collision,2,1,Going straight,Driver or rider,Male,18-30,3,Not a Pedestrian,Changing lane to the left,Slight Injury
16:20:00,Monday,18-30,Male,Junior high school,Employee,Above 10yr,Public (12 seats),Owner,Other,Two-way (divided with broken lines road marking),Tangent road with flat terrain,Y Shape,Asphalt roads,Wet or damp,Darkness - lights lit,Normal,Vehicle with vehicle collision,2,1,Going straight,Driver or rider,Female,31-50,3,Not a Pedestrian,No priority to pedestrian,Slight Injury
16:20:00,Monday,18-30,Unknown,Junior high school,Employee,Below 1yr,Stationwagen,Owner,Office areas,Double carriageway (median),Tangent road with mild grade and flat terrain,Y Shape,Asphalt roads,Wet or damp,Darkness - lights lit,Normal,Vehicle with vehicle collision,2,1,Going straight,Pedestrian,Male,31-50,3,Not a Pedestrian,No distancing,Slight Injury
19:40:00,Thursday,18-30,Male,Elementary school,Employee,5-10yr,Lorry (41?100Q),Owner,Office areas,Two-way (divided with broken lines road marking),Tangent road with flat terrain,Y Shape,Asphalt roads,Dry,Darkness - lights lit,Normal,Vehicle with vehicle collision,1,1,Going straight,Driver or rider,Male,Under 18,3,Not a Pedestrian,No distancing,Slight Injury
16:53:00,Wednesday,18-30,Male,Elementary school,Employee,2-5yr,Lorry (41?100Q),Owner,Office areas,,Tangent road with mild grade and flat terrain,Y Shape,Asphalt roads,Dry,Darkness - lights lit,Normal,Collision with roadside objects,1,1,Reversing,Driver or rider,Female,Over 51,3,Not a Pedestrian,Changing lane to the left,Slight Injury
12:55:00,Wednesday,31-50,Male,Junior high school,Employee,2-5yr,Lorry (41?100Q),Owner,Office areas,,Tangent road with mild grade and flat terrain,No junction,Other,Dry,Daylight,Normal,Collision with roadside objects,1,1,Going straight,na,na,na,na,Not a Pedestrian,No distancing,Slight Injury
19:32:00,Friday,31-50,Unknown,Junior high school,Employee,1-2yr,Automobile,Owner,Office areas,One way,Tangent road with flat terrain,Y Shape,Asphalt roads,Wet or damp,Darkness - lights lit,Raining,Collision with roadside objects,2,2,Moving Backward,Driver or rider,Male,31-50,3,Not a Pedestrian,Changing lane to the left,Slight Injury
19:32:00,Friday,18-30,Male,Junior high school,Employee,2-5yr,Lorry (41?100Q),,Office areas,Two-way (divided with broken lines road marking),Tangent road with flat terrain,Y Shape,Asphalt roads,Wet or damp,Darkness - lights lit,Raining,Vehicle with vehicle collision,2,2,Going straight,na,na,na,na,Not a Pedestrian,No distancing,Slight Injury
17:35:00,Saturday,18-30,Male,Junior high school,Employee,2-5yr,,Owner,Office areas,,Tangent road with flat terrain,Crossing,,Wet or damp,Darkness - lights lit,Raining,Vehicle with vehicle collision,2,2,Going straight,Driver or rider,Female,18-30,3,Not a Pedestrian,No distancing,Slight Injury
17:35:00,Saturday,Over 51,Male,Junior high school,Employee,Above 10yr,Public (12 seats),Owner,Other,Undivided Two way,Tangent road with flat terrain,Crossing,Asphalt roads,Wet or damp,Darkness - lights lit,Raining,Vehicle with vehicle collision,2,2,Going straight,Passenger,Female,Over 51,3,Not a Pedestrian,No distancing,Slight Injury
17:35:00,Saturday,Over 51,Male,High school,Employee,Below 1yr,Automobile,Owner,Other,Two-way (divided with broken lines road marking),Tangent road with flat terrain,Crossing,Asphalt roads,Wet or damp,Darkness - lights lit,Raining,Vehicle with vehicle collision,2,2,Going straight,Driver or rider,Male,31-50,3,Not a Pedestrian,Changing lane to the left,Slight Injury
18:40:00,Tuesday,18-30,Male,Junior high school,Employee,2-5yr,Stationwagen,,Residential areas,Two-way (divided with broken lines road marking),Tangent road with flat terrain,Crossing,Asphalt roads,Dry,Darkness - lights lit,Normal,Collision with pedestrians,2,1,Going straight,Pedestrian,Male,Under 18,3,Not a Pedestrian,Changing lane to the right,Slight Injury
18:40:00,Tuesday,18-30,Male,High school,Employee,Above 10yr,Automobile,Owner,Other,Two-way (divided with broken lines road marking),Tangent road with flat terrain,Crossing,Earth roads,Dry,Darkness - lights lit,Normal,Collision with pedestrians,2,1,Turnover,na,na,na,na,Not a Pedestrian,Moving Backward,Slight Injury
15:47:00,Thursday,31-50,Male,Junior high school,Employee,Above 10yr,Lorry (41?100Q),Owner,Other,Two-way (divided with broken lines road marking),Tangent road with flat terrain,Y Shape,Asphalt roads,Wet or damp,Daylight,Normal,Vehicle with vehicle collision,1,1,Going straight,Passenger,Female,18-30,3,Not a Pedestrian,Changing lane to the right,Slight Injury
14:57:00,Sunday,Under 18,Male,High school,Employee,5-10yr,Other,Governmental,Other,Two-way (divided with broken lines road marking),Tangent road with flat terrain,No junction,Asphalt roads,Dry,Daylight,Normal,Vehicle with vehicle collision,1,1,Going straight,na,na,na,na,Not a Pedestrian,No distancing,Slight Injury
17:25:00,Friday,31-50,Male,Junior high school,Employee,Above 10yr,Pick up upto 10Q,Owner,Other,Undivided Two way,Tangent road with flat terrain,Y Shape,Asphalt roads,Wet or damp,Darkness - no lighting,Normal,Vehicle with vehicle collision,2,2,Moving Backward,Driver or rider,Male,Under 18,3,Not a Pedestrian,Overtaking,Serious Injury
17:25:00,Friday,31-50,Male,Junior high school,Employee,1-2yr,,Owner, Industrial areas,Undivided Two way,Tangent road with flat terrain,Y Shape,Asphalt roads,Wet or damp,Darkness - no lighting,Normal,Vehicle with vehicle collision,2,2,Going straight,na,na,na,na,Not a Pedestrian,Other,Serious Injury
17:25:00,Friday,31-50,Male,Junior high school,Employee,2-5yr,Lorry (41?100Q),Owner, Industrial areas,Undivided Two way,Tangent road with flat terrain,Y Shape,Asphalt roads,Wet or damp,Darkness - no lighting,Normal,Vehicle with vehicle collision,2,2,Going straight,na,na,na,na,Not a Pedestrian,Other,Serious Injury
17:22:00,Sunday,Over 51,Male,Elementary school,Employee,2-5yr,Automobile,Owner, Church areas,Double carriageway (median),Tangent road with flat terrain,Crossing,Asphalt roads,Wet or damp,Darkness - lights lit,Normal,Vehicle with vehicle collision,2,2,Going straight,Driver or rider,Male,31-50,3,Not a Pedestrian,Changing lane to the right,Serious Injury
17:22:00,Sunday,Under 18,Male,Elementary school,Other,5-10yr,Public (13?45 seats),Owner,Other,Undivided Two way,Tangent road with flat terrain,Crossing,Asphalt roads,Wet or damp,Darkness - lights lit,Normal,Vehicle with vehicle collision,2,2,Other,Driver or rider,Male,Under 18,3,Not a Pedestrian,No priority to pedestrian,Serious Injury
16:05:00,Monday,18-30,Male,Junior high school,Employee,5-10yr,Automobile,Owner,Other,Undivided Two way,Tangent road with flat terrain,Y Shape,Asphalt roads,Dry,Daylight,Normal,Vehicle with vehicle collision,3,1,Going straight,na,na,na,na,Not a Pedestrian,No priority to vehicle,Slight Injury
16:05:00,Monday,31-50,Male,High school,Owner,5-10yr,Lorry (41?100Q),Owner,Office areas,Undivided Two way,Tangent road with flat terrain,Y Shape,Asphalt roads,Dry,Daylight,Normal,Vehicle with vehicle collision,3,1,Going straight,na,na,na,na,Not a Pedestrian,Changing lane to the left,Slight Injury
16:05:00,Monday,18-30,Male,Junior high school,Employee,Above 10yr,Public (12 seats),Owner,Office areas,Undivided Two way,Tangent road with flat terrain,Y Shape,Asphalt roads,Dry,Daylight,Normal,Vehicle with vehicle collision,3,1,Turnover,Driver or rider,Male,18-30,3,Not a Pedestrian,Changing lane to the left,Slight Injury
09:00:00,Thursday,18-30,Male,Junior high school,Employee,Below 1yr,Motorcycle,Governmental,Residential areas,Two-way (divided with broken lines road marking),Tangent road with flat terrain,Crossing,Asphalt roads,Wet or damp,Daylight,Other,Collision with roadside objects,2,1,Moving Backward,na,na,na,na,Not a Pedestrian,Overtaking,Slight Injury
09:00:00,Thursday,18-30,Male,Junior high school,Other,Below 1yr,Public (12 seats),Owner, Industrial areas,Undivided Two way,Tangent road with flat terrain,Crossing,Asphalt roads,Wet or damp,Daylight,Other,Rollover,2,1,Going straight,Driver or rider,Male,31-50,3,Not a Pedestrian,No distancing,Slight Injury
08:55:00,Saturday,18-30,Male,Junior high school,Employee,Above 10yr,Lorry (41?100Q),Owner,Office areas,Undivided Two way,Tangent road with flat terrain,Y Shape,Asphalt roads,Dry,Daylight,Normal,Vehicle with vehicle collision,1,1,Going straight,na,na,na,na,Not a Pedestrian,No priority to vehicle,Slight Injury
10:44:00,Friday,31-50,Male,High school,Owner,5-10yr,Automobile,Owner,Other,Undivided Two way,Tangent road with flat terrain,No junction,Asphalt roads,Dry,Daylight,Normal,Vehicle with vehicle collision,1,1,Going straight,Driver or rider,Male,Over 51,3,Not a Pedestrian,Changing lane to the right,Slight Injury
16:18:00,Wednesday,18-30,Male,Elementary school,Owner,5-10yr,Lorry (41?100Q),Owner,Other,Two-way (divided with broken lines road marking),Tangent road with flat terrain,Unknown,Asphalt roads,Wet or damp,Darkness - lights lit,Normal,Vehicle with vehicle collision,1,1,Reversing,na,na,na,na,Not a Pedestrian,Changing lane to the left,Slight Injury
17:21:00,Thursday,18-30,Male,Junior high school,Employee,2-5yr,Stationwagen,Owner,Residential areas,Undivided Two way,Tangent road with flat terrain,No junction,Asphalt roads,Wet or damp,Darkness - lights lit,Normal,Vehicle with vehicle collision,4,2,Going straight,Driver or rider,Female,Over 51,3,Not a Pedestrian,No distancing,Slight Injury
17:21:00,Thursday,31-50,Male,Junior high school,Employee,2-5yr,Pick up upto 10Q,Owner,Office areas,Two-way (divided with broken lines road marking),Tangent road with flat terrain,No junction,Asphalt roads,Wet or damp,Darkness - lights lit,Normal,Vehicle with vehicle collision,4,2,Going straight,na,na,na,na,Not a Pedestrian,Driving carelessly,Slight Injury
17:21:00,Thursday,31-50,Male,Above high school,Employee,5-10yr,Automobile,Organization,Residential areas,other,Tangent road with flat terrain,No junction,Earth roads,Wet or damp,Darkness - lights lit,Normal,Collision with roadside objects,4,2,Going straight,Passenger,Male,18-30,3,Not a Pedestrian,No priority to pedestrian,Slight Injury
17:21:00,Thursday,31-50,Male,Junior high school,Owner,2-5yr,Automobile,Owner,Office areas,Two-way (divided with broken lines road marking),Tangent road with flat terrain,No junction,Asphalt roads,Wet or damp,Darkness - lights lit,Normal,Collision with roadside objects,4,2,Parked,na,na,na,na,Not a Pedestrian,Driving carelessly,Slight Injury
15:40:00,Monday,18-30,Male,,,,,, Church areas,Two-way (divided with broken lines road marking),Tangent road with flat terrain,Y Shape,Asphalt roads,Dry,Daylight,Normal,Vehicle with vehicle collision,4,1,Going straight,Pedestrian,Female,Under 18,3,Unknown or other,Moving Backward,Slight Injury
15:40:00,Monday,18-30,Male,Junior high school,Employee,2-5yr,Other,Organization,Residential areas,Two-way (divided with broken lines road marking),Tangent road with flat terrain,Y Shape,Asphalt roads,Dry,Daylight,Normal,Collision with roadside objects,4,1,Going straight,Driver or rider,Female,18-30,3,Not a Pedestrian,No distancing,Slight Injury
15:40:00,Monday,18-30,Male,Junior high school,Employee,5-10yr,Automobile,Owner,School areas,other,Tangent road with flat terrain,Y Shape,Asphalt roads,Dry,Daylight,Normal,Vehicle with vehicle collision,4,1,Unknown,na,na,na,na,Not a Pedestrian,No distancing,Slight Injury
15:40:00,Monday,31-50,Female,Junior high school,Employee,2-5yr,Public (13?45 seats),Owner, Hospital areas,other,Steep grade downward with mountainous terrain,Y Shape,Asphalt roads,Dry,Daylight,Normal,Vehicle with vehicle collision,4,1,Going straight,na,na,na,na,Not a Pedestrian,No distancing,Slight Injury
16:46:00,Thursday,18-30,Male,Elementary school,Employee,1-2yr,Public (13?45 seats),Owner,Other,Undivided Two way,Tangent road with flat terrain,Y Shape,Asphalt roads,Wet or damp,Darkness - lights lit,Cloudy,Vehicle with vehicle collision,3,2,Going straight,Driver or rider,Male,18-30,3,Not a Pedestrian,Changing lane to the left,Slight Injury
16:46:00,Thursday,Over 51,Unknown,High school,Employee,,Automobile,Owner,School areas,Double carriageway (median),Tangent road with flat terrain,Y Shape,Asphalt roads,Wet or damp,Darkness - lights lit,Cloudy,Vehicle with vehicle collision,3,2,Stopping,Driver or rider,Female,Under 18,3,Not a Pedestrian,Changing lane to the left,Slight Injury
16:46:00,Thursday,31-50,Male,Junior high school,Owner,1-2yr,Public (12 seats),Owner,Other,other,Tangent road with flat terrain,Y Shape,Asphalt roads,Wet or damp,Darkness - lights lit,Cloudy,Vehicle with vehicle collision,3,2,Going straight,Driver or rider,Male,31-50,3,Not a Pedestrian,Moving Backward,Slight Injury
17:45:00,Sunday,18-30,Male,Junior high school,Employee,2-5yr,Public (12 seats),Owner, Industrial areas,Undivided Two way,Tangent road with flat terrain,Other,Asphalt roads,Wet or damp,Darkness - lights lit,Raining,Vehicle with vehicle collision,2,2,Overtaking,na,na,na,na,Not a Pedestrian,Changing lane to the right,Slight Injury
17:45:00,Sunday,31-50,Male,Junior high school,Employee,1-2yr,Lorry (41?100Q),Owner, Church areas,Two-way (divided with broken lines road marking),Tangent road with flat terrain,Other,Asphalt roads,Wet or damp,Darkness - lights lit,Raining,Collision with pedestrians,2,2,Going straight,Driver or rider,Male,Over 51,2,Not a Pedestrian,No priority to vehicle,Slight Injury
11:45:00,Saturday,Unknown,Female,Elementary school,Employee,Above 10yr,Automobile,Owner,Office areas,Two-way (divided with broken lines road marking),Tangent road with flat terrain,Y Shape,Earth roads,Snow,Daylight,Snow,Vehicle with vehicle collision,3,2,Reversing,na,na,na,na,Not a Pedestrian,Moving Backward,Slight Injury
11:45:00,Saturday,Over 51,Male,Junior high school,Employee,2-5yr,Pick up upto 10Q,Owner,Other,Two-way (divided with broken lines road marking),Tangent road with flat terrain,Y Shape,Asphalt roads,Snow,Daylight,Snow,Collision with roadside objects,3,2,Going straight,Driver or rider,Female,Over 51,3,Not a Pedestrian,Driving carelessly,Slight Injury
11:45:00,Saturday,31-50,Unknown,Junior high school,Employee,2-5yr,Pick up upto 10Q,Owner,Office areas,Double carriageway (median),Tangent road with flat terrain,Y Shape,Asphalt roads,Snow,Daylight,Snow,Vehicle with vehicle collision,3,2,Going straight,Passenger,Female,18-30,3,Not a Pedestrian,Driving carelessly,Slight Injury
11:45:00,Saturday,31-50,Male,Junior high school,Employee,2-5yr,Lorry (41?100Q),Owner,Office areas,Double carriageway (median),Tangent road with flat terrain,Y Shape,Asphalt roads,Snow,Daylight,Snow,Collision with roadside objects,3,2,Unknown,na,na,na,na,Not a Pedestrian,Driving under the influence of drugs,Slight Injury
12:00:00,Saturday,Over 51,Male,Junior high school,Employee,2-5yr,Automobile,Governmental,Office areas,Double carriageway (median),Tangent road with flat terrain,Crossing,Asphalt roads,Snow,Daylight,Snow,Vehicle with vehicle collision,3,2,Going straight,Pedestrian,Female,31-50,2,Not a Pedestrian,No priority to pedestrian,Slight Injury
12:00:00,Saturday,Over 51,Male,Elementary school,Employee,2-5yr,Stationwagen,Owner,Residential areas,Double carriageway (median),Tangent road with flat terrain,Crossing,Asphalt roads,Snow,Daylight,Snow,Vehicle with vehicle collision,3,2,Moving Backward,na,na,na,na,Not a Pedestrian,No priority to vehicle,Slight Injury
12:00:00,Saturday,18-30,Male,Junior high school,Employee,2-5yr,Motorcycle,Owner,Office areas,Double carriageway (median),Tangent road with flat terrain,Crossing,Asphalt roads,Snow,Daylight,Snow,Collision with pedestrians,3,2,Going straight,Passenger,Male,18-30,3,Not a Pedestrian,Driving carelessly,Slight Injury
12:00:00,Saturday,18-30,Male,Elementary school,Employee,5-10yr,,Owner,Other,Undivided Two way,Tangent road with flat terrain,Crossing,Asphalt roads,Snow,Daylight,Snow,Vehicle with vehicle collision,3,2,Moving Backward,na,na,na,na,Not a Pedestrian,Moving Backward,Slight Injury
07:50:00,Friday,31-50,Male,Elementary school,Employee,2-5yr,Other,Owner, Industrial areas,One way,,No junction,Asphalt roads,Wet or damp,Daylight,Snow,Vehicle with vehicle collision,2,1,Going straight,Driver or rider,Male,31-50,3,Not a Pedestrian,Driving carelessly,Slight Injury
07:50:00,Friday,31-50,Male,Junior high school,Employee,Above 10yr,Automobile,Owner,Other,One way,Tangent road with flat terrain,No junction,Gravel roads,Wet or damp,Daylight,Snow,Vehicle with vehicle collision,2,1,Going straight,Passenger,Female,Under 18,3,Not a Pedestrian,No priority to vehicle,Slight Injury
19:55:00,Sunday,18-30,Male,Junior high school,Employee,Above 10yr,Automobile,Owner,Office areas,Double carriageway (median),Tangent road with flat terrain,No junction,Asphalt roads,Dry,Darkness - no lighting,Snow,Vehicle with vehicle collision,2,2,Unknown,na,na,na,na,Not a Pedestrian,Changing lane to the right,Slight Injury
19:55:00,Sunday,31-50,Male,High school,Employee,Above 10yr,,Governmental,Office areas,Two-way (divided with broken lines road marking),Tangent road with flat terrain,No junction,Asphalt roads,Dry,Darkness - no lighting,Snow,Collision with pedestrians,2,2,Going straight,Pedestrian,Male,Under 18,3,Crossing from offside - masked by  parked or statioNot a Pedestrianry vehicle,Changing lane to the left,Slight Injury
20:30:00,Sunday,Over 51,Male,Junior high school,Employee,5-10yr,Public (> 45 seats),Governmental,,Double carriageway (median),Tangent road with flat terrain,No junction,Asphalt roads,Wet or damp,Darkness - lights lit,Normal,Vehicle with vehicle collision,2,6,Going straight,Pedestrian,Female,Under 18,3,Crossing from offside - masked by  parked or statioNot a Pedestrianry vehicle,No priority to vehicle,Slight Injury
20:30:00,Sunday,Over 51,Male,Junior high school,Owner,2-5yr,Automobile,Owner,Other,,Tangent road with flat terrain,No junction,Asphalt roads,Wet or damp,Darkness - lights lit,Normal,Vehicle with vehicle collision,2,6,Going straight,na,na,na,na,Not a Pedestrian,Driving carelessly,Slight Injury
20:30:00,Sunday,Over 51,Male,Elementary school,Employee,1-2yr,Other,Owner,Office areas,Double carriageway (median),Tangent road with flat terrain,No junction,Asphalt roads,Wet or damp,Darkness - lights lit,Normal,Vehicle with vehicle collision,2,6,Turnover,Driver or rider,Male,18-30,2,Not a Pedestrian,Moving Backward,Slight Injury
20:30:00,Sunday,Over 51,Male,Junior high school,Employee,2-5yr,Automobile,Owner,Office areas,Two-way (divided with broken lines road marking),Tangent road with flat terrain,No junction,Asphalt roads,Wet or damp,Darkness - lights lit,Normal,Vehicle with vehicle collision,2,6,Going straight,Pedestrian,Male,Under 18,2,"In carriageway, statioNot a Pedestrianry - not crossing  (standing or playing)",No distancing,Slight Injury
20:30:00,Sunday,Over 51,Male,Junior high school,Employee,5-10yr,Other,Owner,Office areas,Undivided Two way,Tangent road with flat terrain,No junction,Asphalt roads,Wet or damp,Darkness - lights lit,Normal,Collision with roadside objects,2,6,Going straight,Driver or rider,Male,31-50,3,Not a Pedestrian,Changing lane to the left,Slight Injury
20:30:00,Sunday,31-50,Male,,,,Lorry (41?100Q),Owner,Other,Undivided Two way,Tangent road with flat terrain,No junction,Asphalt roads,Wet or damp,Darkness - lights lit,Normal,Vehicle with vehicle collision,2,6,Going straight,Driver or rider,Male,18-30,3,Not a Pedestrian,Changing lane to the left,Slight Injury
13:57:00,Wednesday,Over 51,Unknown,Elementary school,Owner,5-10yr,Pick up upto 10Q,Owner,Other,Undivided Two way,Tangent road with flat terrain,Crossing,Asphalt roads,Snow,Daylight,Normal,Vehicle with vehicle collision,4,2,Reversing,Passenger,Female,Under 18,3,Not a Pedestrian,No distancing,Slight Injury
13:57:00,Wednesday,18-30,Male,High school,Other,Above 10yr,Public (13?45 seats),Owner,  Recreational areas,Undivided Two way,Tangent road with flat terrain,Crossing,Asphalt roads,Snow,Daylight,Normal,Vehicle with vehicle collision,4,2,Getting off,Passenger,Female,18-30,3,Not a Pedestrian,Changing lane to the left,Slight Injury
13:57:00,Wednesday,Unknown,Female,Junior high school,Employee,Above 10yr,Automobile,Owner, Church areas,Undivided Two way,Tangent road with flat terrain,Crossing,Asphalt roads,Snow,Daylight,Normal,Vehicle with vehicle collision,4,2,Going straight,Passenger,Male,Under 18,3,Not a Pedestrian,Driving carelessly,Slight Injury
13:57:00,Wednesday,Unknown,Female,Junior high school,Employee,1-2yr,Pick up upto 10Q,Other,  Recreational areas,other,Tangent road with flat terrain,Crossing,Asphalt roads,Snow,Daylight,Normal,Collision with roadside objects,4,2,Getting off,na,na,na,na,Not a Pedestrian,Changing lane to the left,Slight Injury
13:45:00,Sunday,Under 18,Male,High school,Owner,,Automobile,Owner,School areas,other,Tangent road with flat terrain,No junction,Asphalt roads,Wet or damp,Daylight,Snow,Vehicle with vehicle collision,2,1,Going straight,na,na,na,na,Not a Pedestrian,No distancing,Slight Injury
13:45:00,Sunday,18-30,Male,Junior high school,Employee,2-5yr,Lorry (41?100Q),Owner, Church areas,Double carriageway (median),Tangent road with flat terrain,No junction,Asphalt roads,Wet or damp,Daylight,Snow,Vehicle with vehicle collision,2,1,Going straight,Driver or rider,Male,31-50,3,Not a Pedestrian,Changing lane to the right,Slight Injury
07:44:00,Friday,18-30,Male,Junior high school,Employee,5-10yr,Automobile,Owner,Office areas,,Tangent road with flat terrain,Y Shape,Asphalt roads,Dry,Darkness - lights lit,Normal,Vehicle with vehicle collision,2,1,Going straight,na,na,na,na,Not a Pedestrian,No distancing,Slight Injury
07:44:00,Friday,18-30,Male,Junior high school,Employee,2-5yr,Lorry (41?100Q),Owner,Residential areas,One way,Steep grade downward with mountainous terrain,Y Shape,Asphalt roads,Dry,Darkness - lights lit,Normal,Vehicle with vehicle collision,2,1,Going straight,Driver or rider,Male,18-30,3,Not a Pedestrian,Driving to the left,Slight Injury
15:35:00,Thursday,31-50,Male,Junior high school,Employee,Above 10yr,Lorry (41?100Q),Owner,Other,One way,Tangent road with flat terrain,No junction,Asphalt roads,Dry,Daylight,Normal,Vehicle with vehicle collision,1,1,Going straight,Pedestrian,Female,Over 51,3,Crossing from offside - masked by  parked or statioNot a Pedestrianry vehicle,No distancing,Slight Injury
20:00:00,Friday,Over 51,Male,Elementary school,Employee,5-10yr,Lorry (41?100Q),Owner,Other,Undivided Two way,Tangent road with flat terrain,Y Shape,Asphalt roads,Wet or damp,Darkness - lights lit,Cloudy,Vehicle with vehicle collision,2,2,Going straight,na,na,na,na,Not a Pedestrian,Overtaking,Slight Injury
20:00:00,Friday,31-50,Male,Junior high school,Employee,5-10yr,Public (13?45 seats),Governmental, Industrial areas,One way,Tangent road with flat terrain,Y Shape,Asphalt roads,Wet or damp,Darkness - lights lit,Cloudy,Vehicle with vehicle collision,2,2,Going straight,Driver or rider,Male,Over 51,3,Not a Pedestrian,Driving under the influence of drugs,Slight Injury
20:00:00,Friday,31-50,Male,Above high school,Employee,1-2yr,Automobile,Governmental, Church areas,other,Steep grade downward with mountainous terrain,Y Shape,Asphalt roads,Wet or damp,Darkness - lights lit,Cloudy,Vehicle with vehicle collision,2,2,Going straight,na,na,na,na,Not a Pedestrian,No priority to pedestrian,Slight Injury
17:46:00,Thursday,Over 51,Male,Elementary school,Employee,Above 10yr,Other,Organization,Office areas,other,Tangent road with flat terrain,Y Shape,Earth roads,Snow,Darkness - lights lit,Other,Vehicle with vehicle collision,2,3,Going straight,Driver or rider,Female,18-30,3,Not a Pedestrian,Moving Backward,Slight Injury
17:46:00,Thursday,Over 51,Male,Elementary school,Employee,5-10yr,Other,Owner,Office areas,Undivided Two way,Tangent road with flat terrain,Y Shape,Asphalt roads,Snow,Darkness - lights lit,Other,Vehicle with vehicle collision,2,3,Moving Backward,Passenger,Male,31-50,3,Not a Pedestrian,Changing lane to the right,Slight Injury
17:46:00,Thursday,31-50,Male,Elementary school,Employee,2-5yr,Other,Owner,Office areas,Double carriageway (median),Tangent road with flat terrain,Y Shape,Asphalt roads,Snow,Darkness - lights lit,Other,Vehicle with vehicle collision,2,3,Going straight,Passenger,Male,18-30,3,Not a Pedestrian,Changing lane to the left,Slight Injury
14:20:00,Friday,18-30,Male,Elementary school,Employee,2-5yr,Automobile,Owner,Other,Two-way (divided with broken lines road marking),Tangent road with flat terrain,Y Shape,Asphalt roads,Dry,Daylight,Normal,Collision with roadside objects,1,1,Going straight,na,na,na,na,Not a Pedestrian,Changing lane to the right,Slight Injury
12:15:00,Sunday,31-50,Male,Junior high school,Employee,5-10yr,Other,Owner,Office areas,Undivided Two way,Tangent road with flat terrain,Y Shape,Asphalt roads,Dry,Daylight,Normal,Collision with roadside objects,2,1,Going straight,Driver or rider,Female,18-30,3,Not a Pedestrian,Driving under the influence of drugs,Slight Injury
12:15:00,Sunday,18-30,Unknown,Junior high school,Employee,1-2yr,Lorry (41?100Q),Owner,Other,Double carriageway (median),Tangent road with flat terrain,Y Shape,Asphalt roads,Dry,Daylight,Normal,Collision with roadside objects,2,1,Going straight,na,na,na,na,Not a Pedestrian,No priority to vehicle,Slight Injury
07:40:00,Tuesday,18-30,Male,Junior high school,Employee,5-10yr,Public (12 seats),Owner, Industrial areas,Two-way (divided with broken lines road marking),Tangent road with flat terrain,Y Shape,Asphalt roads,Wet or damp,Darkness - lights lit,Normal,Collision with pedestrians,1,1,Going straight,Passenger,Male,18-30,3,Not a Pedestrian,No priority to vehicle,Slight Injury
16:10:00,Wednesday,31-50,Male,Junior high school,Employee,5-10yr,Lorry (41?100Q),Owner,Residential areas,other,Tangent road with flat terrain,Y Shape,Asphalt roads,Wet or damp,Darkness - lights lit,Raining,Vehicle with vehicle collision,1,1,Going straight,na,na,na,na,Not a Pedestrian,Changing lane to the left,Slight Injury