Time,Day_of_week,Age_band_of_driver,Sex_of_driver,Educational_level,Vehicle_driver_relation,Driving_experience,Type_of_vehicle,Owner_of_vehicle,Area_accident_occured,Lanes_or_Medians,Road_allignment,Types_of_Junction,Road_surface_type,Road_surface_conditions,Light_conditions,Weather_conditions,Type_of_collision,Number_of_vehicles_involved,Number_of_casualties,Vehicle_movement,Casualty_class,Sex_of_casualty,Age_band_of_casualty,Casualty_severity,Pedestrian_movement,Cause_of_accident,Accident_severity
15:20:00,Wednesday,31-50,Male,High school,Employee,5-10yr,Automobile,Owner,Rural village areas,Undivided Two way,Gentle horizontal curve,Y Shape,Asphalt roads,Dry,Daylight,Normal,Vehicle with vehicle collision,1,1,Going straight,na,na,na,na,Not a Pedestrian,Changing lane to the right,Slight Injury
13:35:00,Wednesday,18-30,Male,Above high school,Employee,1-2yr,Taxi,Owner,Office areas,Double carriageway (median),Tangent road with flat terrain,Y Shape,Asphalt roads,Dry,Daylight,Normal,Vehicle with vehicle collision,2,1,Going straight,Driver or rider,Male,31-50,3,Not a Pedestrian,Changing lane to the right,Slight Injury
13:35:00,Wednesday,18-30,Male,Junior high school,Employee,Below 1yr,,Owner,Residential areas,Undivided Two way,Gentle horizontal curve,Y Shape,Asphalt roads,Dry,Daylight,Normal,Vehicle with vehicle collision,2,1,Going straight,na,na,na,na,Not a Pedestrian,No distancing,Slight Injury
19:32:00,Tuesday,18-30,Male,,,,,Owner,Residential areas,other,Tangent road with flat terrain,Y Shape,Asphalt roads,Dry,Darkness - lights lit,Normal,Vehicle with vehicle collision,2,1,Going straight,Pedestrian,Male,Under 18,3,Crossing from offside - masked by  parked or statioNot a Pedestrianry vehicle,No distancing,Slight Injury
19:32:00,Tuesday,18-30,Male,High school,Employee,Below 1yr,Automobile,Owner, Outside rural areas,other,Tangent road with flat terrain,Y Shape,Asphalt roads,Dry,Darkness - lights lit,Normal,Vehicle with vehicle collision,2,1,Going straight,Pedestrian,Male,Under 18,3,Not a Pedestrian,Overturning,Slight Injury
22:45:00,Wednesday,31-50,Male,High school,Employee,Below 1yr,Pick up upto 10Q,Owner,Residential areas,other,Tangent road with flat terrain,Y Shape,Asphalt roads,Dry,Darkness - lights lit,Normal,Vehicle with vehicle collision,2,1,,na,na,na,na,Not a Pedestrian,Driving at high speed,Slight Injury
22:45:00,Wednesday,Unknown,Male,,,,,Owner, Church areas,other,Tangent road with flat terrain,Y Shape,Asphalt roads,Dry,Darkness - lights lit,Normal,Collision with pedestrians,2,1,Going straight,Driver or rider,Male,18-30,3,Not a Pedestrian,No priority to vehicle,Slight Injury
15:15:00,Monday,Under 18,Male,High school,Employee,2-5yr,Automobile,Owner,Office areas,Undivided Two way,Tangent road with flat terrain,Y Shape,Asphalt roads,Dry,Daylight,Normal,Vehicle with vehicle collision,2,1,Going straight,Driver or rider,Male,18-30,3,Not a Pedestrian,No priority to pedestrian,Slight Injury
15:15:00,Monday,Unknown,Unknown,Junior high school,Employee,Above 10yr,Public (12 seats),Owner,Office areas,Two-way (divided with broken lines road marking),Tangent road with mountainous terrain and,Y Shape,Asphalt roads,Dry,Daylight,Normal,Collision with roadside objects,2,1,Going straight,Passenger,Female,18-30,3,Not a Pedestrian,No priority to vehicle,Slight Injury
14:55:00,Tuesday,31-50,Male,Junior high school,Employee,Above 10yr,Public (13?45 seats),Governmental,Office areas,Two-way (divided with broken lines road marking),Escarpments,Crossing,Gravel roads,Dry,Daylight,Normal,Vehicle with vehicle collision,2,1,Going straight,na,na,na,na,Not a Pedestrian,Other,Slight Injury
14:55:00,Tuesday,Unknown,Male,Junior high school,Employee,5-10yr,Lorry (11?40Q),Owner,Other,Undivided Two way,Tangent road with mountainous terrain and,Crossing,Asphalt roads,Dry,Daylight,Normal,Vehicle with vehicle collision,2,1,Turnover,Driver or rider,Male,31-50,3,Not a Pedestrian,Other,Slight Injury
07:40:00,Sunday,Over 51,Male,Junior high school,Employee,1-2yr,Stationwagen,Owner,Other,Undivided Two way,Tangent road with flat terrain,Y Shape,Asphalt roads,Dry,Daylight,Normal,Vehicle with vehicle collision,2,1,Moving Backward,Passenger,Female,18-30,3,Not a Pedestrian,Moving Backward,Slight Injury
07:40:00,Sunday,31-50,Male,Unknown,Employee,Below 1yr,Ridden horse,Owner,Residential areas,Two-way (divided with broken lines road marking),Tangent road with flat terrain,Y Shape,Asphalt roads,Dry,Daylight,Normal,Vehicle with vehicle collision,2,1,Going straight,Pedestrian,Female,31-50,3,Unknown or other,No distancing,Slight Injury
10:49:00,Sunday,Unknown,Male,Junior high school,Employee,Below 1yr,Stationwagen,Owner,Other,Two-way (divided with broken lines road marking),Tangent road with flat terrain,Y Shape,Asphalt roads,Dry,Daylight,Normal,Vehicle with vehicle collision,2,1,Going straight,Driver or rider,Female,31-50,3,Not a Pedestrian,Moving Backward,Slight Injury
10:49:00,Sunday,31-50,Male,High school,Employee,2-5yr,Automobile,Owner,Other,Undivided Two way,Tangent road with mild grade and flat terrain,Y Shape,Asphalt roads,Dry,Daylight,Normal,Vehicle with vehicle collision,2,1,Moving Backward,Passenger,Female,Over 51,3,Not a Pedestrian,No priority to vehicle,Slight Injury
05:57:00,Friday,31-50,Male,Junior high school,Owner,1-2yr,Automobile,Owner,Other,Two-way (divided with broken lines road marking),Tangent road with flat terrain,Crossing,Asphalt roads,Wet or damp,Darkness - lights lit,Raining,Vehicle with vehicle collision,2,3,Going straight,na,na,na,na,Not a Pedestrian,Driving carelessly,Slight Injury
05:57:00,Friday,31-50,Male,Junior high school,Employee,5-10yr,Other,Governmental,Other,Undivided Two way,Tangent road with flat terrain,Crossing,Asphalt roads,Wet or damp,Darkness - lights lit,Raining,Vehicle with vehicle collision,2,3,Moving Backward,Driver or rider,Male,18-30,3,Not a Pedestrian,No distancing,Slight Injury
05:57:00,Friday,31-50,Male,Elementary school,Employee,2-5yr,Taxi,Owner,Other,Double carriageway (median),Tangent road with mild grade and flat terrain,Crossing,Asphalt roads,Wet or damp,Darkness - lights lit,Raining,Vehicle with vehicle collision,2,3,Going straight,na,na,na,na,Not a Pedestrian,Other,Slight Injury
05:57:00,Friday,Unknown,Male,Elementary school,Owner,5-10yr,Automobile,Owner,Other,Two-way (divided with broken lines road marking),Tangent road with flat terrain,Crossing,Asphalt roads,Wet or damp,Darkness - lights lit,Raining,Collision with roadside objects,2,3,Going straight,na,na,na,na,Not a Pedestrian,Changing lane to the right,Slight Injury
07:59:00,Friday,31-50,Male,Junior high school,Employee,Above 10yr,Stationwagen,Owner, Church areas,Two-way (divided with broken lines road marking),Tangent road with flat terrain,Y Shape,Asphalt roads,Dry,Daylight,Normal,Vehicle with vehicle collision,2,1,Going straight,Driver or rider,Male,18-30,3,Not a Pedestrian,No distancing,Slight Injury
07:59:00,Friday,Unknown,Male,Junior high school,Employee,5-10yr,Automobile,Owner,Other,Undivided Two way,Tangent road with flat terrain,Y Shape,Asphalt roads,Dry,Daylight,Normal,Collision with roadside objects,2,1,Other,na,na,na,na,Not a Pedestrian,Driving carelessly,Slight Injury
21:44:00,Sunday,18-30,Male,High school,Employee,5-10yr,Public (12 seats),Organization, Industrial areas,Two-way (divided with broken lines road marking),Tangent road with flat terrain,No junction,Asphalt roads,Dry,Darkness - lights lit,Normal,Vehicle with vehicle collision,2,1,Other,Driver or rider,Female,18-30,3,Not a Pedestrian,No distancing,Slight Injury
21:44:00,Sunday,18-30,Male,Junior high school,Employee,5-10yr,,Owner,Residential areas,Double carriageway (median),Tangent road with flat terrain,No junction,Asphalt roads,Dry,Darkness - lights lit,Normal,Vehicle with vehicle collision,2,1,Going straight,Pedestrian,Male,Under 18,2,Not a Pedestrian,No priority to vehicle,Slight Injury
17:40:00,Saturday,18-30,Male,Junior high school,Employee,Above 10yr,Automobile,Governmental,Other,Two-way (divided with broken lines road marking),Tangent road with flat terrain,No junction,Asphalt roads,Dry,Daylight,Normal,,2,2,Reversing,na,na,na,na,Not a Pedestrian,Changing lane to the right,Slight Injury
17:40:00,Saturday,31-50,Male,Junior high school,,1-2yr,Lorry (41?100Q),Owner,Office areas,Two-way (divided with broken lines road marking),Tangent road with flat terrain,No junction,Gravel roads,Dry,Daylight,Normal,Collision with pedestrians,2,2,Going straight,Driver or rider,Male,31-50,3,Not a Pedestrian,No priority to pedestrian,Slight Injury
17:40:00,Saturday,31-50,Male,Junior high school,Employee,2-5yr,,Owner, Industrial areas,Unknown,Tangent road with flat terrain,No junction,Asphalt roads,Dry,Daylight,Normal,Vehicle with vehicle collision,2,2,Going straight,na,na,na,na,Not a Pedestrian,No priority to vehicle,Slight Injury
17:35:00,Sunday,31-50,Unknown,Junior high school,Employee,1-2yr,Public (> 45 seats),Owner, Industrial areas,Double carriageway (median),Tangent road with flat terrain,Crossing,Asphalt roads,Dry,Daylight,Normal,Vehicle with vehicle collision,1,1,Going straight,Passenger,Male,31-50,3,Not a Pedestrian,Changing lane to the left,Serious Injury
18:10:00,Thursday,31-50,Male,,,,,Owner,Other,Two-way (divided with broken lines road marking),Tangent road with flat terrain,Y Shape,Asphalt roads,Dry,Daylight,Normal,Vehicle with vehicle collision,2,1,Going straight,na,na,na,na,Not a Pedestrian,Turnover,Slight Injury
18:10:00,Thursday,Unknown,Male,Elementary school,Employee,5-10yr,Public (12 seats),Organization, Hospital areas,Two-way (divided with broken lines road marking),Tangent road with flat terrain,Y Shape,Asphalt roads,Dry,Daylight,Normal,Collision with pedestrians,2,1,Moving Backward,Driver or rider,Male,Over 51,3,Not a Pedestrian,Driving to the left,Slight Injury
10:15:00,Thursday,31-50,Male,Junior high school,Employee,5-10yr,Public (12 seats),Owner,Office areas,One way,Tangent road with flat terrain,Crossing,Earth roads,Dry,Daylight,Normal,Collision with roadside objects,2,1,Going straight,Pedestrian,Female,Under 18,3,Not a Pedestrian,Driving carelessly,Slight Injury
10:15:00,Thursday,18-30,Male,Junior high school,Employee,Above 10yr,Automobile,Owner, Church areas,Undivided Two way,Tangent road with flat terrain,Crossing,Asphalt roads,Dry,Daylight,Normal,,2,1,Going straight,Passenger,Female,Over 51,3,Not a Pedestrian,Driving to the left,Slight Injury
17:25:00,Monday,18-30,Male,Junior high school,Employee,2-5yr,Automobile,Organization, Hospital areas,Undivided Two way,Tangent road with mountainous terrain and,Y Shape,Asphalt roads,Dry,Daylight,Normal,Vehicle with vehicle collision,2,1,Going straight,na,na,na,na,Not a Pedestrian,Driving carelessly,Slight Injury
17:25:00,Monday,31-50,Male,Junior high school,Owner,Above 10yr,Public (> 45 seats),Owner,Office areas,other,Tangent road with flat terrain,Y Shape,,Dry,Daylight,Normal,,2,1,Going straight,na,na,na,na,Not a Pedestrian,No priority to pedestrian,Slight Injury
09:00:00,Sunday,31-50,Male,Junior high school,Employee,2-5yr,Lorry (41?100Q),Owner,Other,Two-way (divided with broken lines road marking),Escarpments,Y Shape,Gravel roads,Dry,Daylight,Normal,,2,1,Going straight,Pedestrian,Male,Over 51,1,Crossing from nearside - masked by parked or statioNot a Pedestrianry vehicle,Driving carelessly,Slight Injury
09:00:00,Sunday,Unknown,Female,Elementary school,Other,5-10yr,Public (> 45 seats),Owner,Office areas,Undivided Two way,Tangent road with flat terrain,Y Shape,Asphalt roads,Dry,Daylight,Normal,,2,1,Moving Backward,Driver or rider,Male,18-30,3,Not a Pedestrian,Changing lane to the right,Slight Injury
18:50:00,Tuesday,18-30,Male,Elementary school,Employee,5-10yr,,Owner,Office areas,Two-way (divided with broken lines road marking),Tangent road with mountainous terrain and,Crossing,,Dry,Daylight,Normal,Vehicle with vehicle collision,1,1,Going straight,Passenger,Male,Under 18,3,Not a Pedestrian,Moving Backward,Slight Injury
11:20:00,Tuesday,Under 18,Male,Junior high school,,5-10yr,,Owner,Other,Double carriageway (median),Steep grade downward with mountainous terrain,Y Shape,Asphalt roads,Dry,Daylight,Normal,Vehicle with vehicle collision,2,1,Going straight,Driver or rider,Male,Under 18,2,Not a Pedestrian,Driving carelessly,Slight Injury
11:20:00,Tuesday,Unknown,Male,Junior high school,Employee,5-10yr,Automobile,Owner,Office areas,Undivided Two way,Tangent road with mild grade and flat terrain,Y Shape,Earth roads,Dry,Daylight,Normal,Collision with roadside objects,2,1,Moving Backward,Passenger,Male,Under 18,2,Not a Pedestrian,Changing lane to the right,Slight Injury
19:40:00,Tuesday,18-30,Male,Elementary school,Employee,Above 10yr,Automobile,Owner,Residential areas,Undivided Two way,Tangent road with flat terrain,Crossing,Asphalt roads,Dry,Darkness - lights lit,Normal,Collision with roadside objects,2,1,Moving Backward,Passenger,Male,Under 18,2,Not a Pedestrian,Driving carelessly,Slight Injury
19:40:00,Tuesday,Unknown,Male,Junior high school,,Below 1yr,Lorry (41?100Q),Owner,Other,Two-way (divided with broken lines road marking),Tangent road with flat terrain,Crossing,Asphalt roads,Dry,Darkness - lights lit,Normal,Vehicle with vehicle collision,2,1,Going straight,Driver or rider,Male,31-50,3,Not a Pedestrian,Driving carelessly,Slight Injury
18:22:00,Sunday,Under 18,Male,Junior high school,Employee,5-10yr,Automobile,Owner,Office areas,Double carriageway (median),Tangent road with flat terrain,No junction,Asphalt roads,Dry,Daylight,Normal,Vehicle with vehicle collision,2,1,Turnover,na,na,na,na,Not a Pedestrian,Driving carelessly,Slight Injury
18:22:00,Sunday,31-50,Male,Elementary school,Employee,1-2yr,Public (13?45 seats),Owner,Office areas,Undivided Two way,Tangent road with mountainous terrain and,No junction,Asphalt roads,Dry,Daylight,Normal,Vehicle with vehicle collision,2,1,Turnover,na,na,na,na,Not a Pedestrian,Changing lane to the right,Slight Injury
17:17:00,Friday,31-50,Male,,,,Automobile,,Office areas,other,Tangent road with flat terrain,Crossing,Asphalt roads,Dry,Daylight,Normal,Vehicle with vehicle collision,1,1,Going straight,Driver or rider,Male,18-30,3,Not a Pedestrian,Changing lane to the right,Slight Injury
04:49:00,Monday,Unknown,Male,Junior high school,Employee,Above 10yr,Public (> 45 seats),Owner,Other,Two-way (divided with broken lines road marking),Tangent road with mild grade and flat terrain,Y Shape,Earth roads,Dry,Darkness - lights lit,Normal,Vehicle with vehicle collision,1,1,Going straight,Driver or rider,Male,Over 51,2,Not a Pedestrian,Driving carelessly,Slight Injury
19:35:00,Tuesday,18-30,Male,High school,Owner,2-5yr,Lorry (41?100Q),Owner, Church areas,Undivided Two way,Tangent road with flat terrain,No junction,Asphalt roads,Dry,Darkness - lights lit,Normal,Rollover,2,1,Going straight,Driver or rider,Male,Over 51,2,Not a Pedestrian,Overtaking,Slight Injury
19:35:00,Tuesday,Unknown,Male,Junior high school,Employee,1-2yr,Automobile,Owner, Industrial areas,Undivided Two way,Tangent road with flat terrain,No junction,Asphalt roads,Dry,Darkness - lights lit,Normal,Vehicle with vehicle collision,2,1,Going straight,Passenger,Male,Over 51,3,Not a Pedestrian,Changing lane to the right,Slight Injury
15:50:00,Monday,Over 51,Male,Junior high school,Employee,1-2yr,Lorry (11?40Q),Owner,Office areas,Double carriageway (median),Tangent road with flat terrain,Y Shape,Asphalt roads,Dry,Daylight,Normal,Collision with roadside objects,1,1,Going straight,Passenger,Male,Over 51,2,Not a Pedestrian,No distancing,Slight Injury
14:42:00,Monday,31-50,Male,Above high school,Owner,2-5yr,Public (13?45 seats),Owner, Church areas,Undivided Two way,Tangent road with flat terrain,Y Shape,Asphalt roads,Dry,Daylight,Normal,Collision with pedestrians,2,1,Going straight,Passenger,Male,31-50,3,Not a Pedestrian,Other,Serious Injury
14:42:00,Monday,31-50,Unknown,,,,Public (13?45 seats),Owner,Office areas,Undivided Two way,Tangent road with flat terrain,Y Shape,Asphalt roads,Dry,Daylight,Normal,Vehicle with vehicle collision,2,1,Getting off,na,na,na,na,Not a Pedestrian,Changing lane to the right,Serious Injury
13:15:00,Monday,18-30,Male,Elementary school,Owner,2-5yr,,Owner,Office areas,other,Tangent road with flat terrain,Y Shape,Asphalt roads,Dry,Daylight,Normal,Vehicle with vehicle collision,1,1,Moving Backward,Driver or rider,Male,18-30,3,Not a Pedestrian,Changing lane to the right,Slight Injury
16:05:00,Tuesday,31-50,Male,Junior high school,Employee,1-2yr,Long lorry,Owner,Residential areas,Two-way (divided with broken lines road marking),Tangent road with flat terrain,O Shape,Asphalt roads,Dry,Daylight,Normal,Vehicle with vehicle collision,2,1,Other,Passenger,Female,Over 51,3,Not a Pedestrian,Overtaking,Slight Injury
16:05:00,Tuesday,31-50,Male,,Owner,5-10yr,Lorry (41?100Q),Owner,Office areas,Two-way (divided with broken lines road marking),Tangent road with flat terrain,O Shape,Asphalt roads,Dry,Daylight,Normal,Vehicle with vehicle collision,2,1,Going straight,Pedestrian,Male,Under 18,2,Not a Pedestrian,Other,Slight Injury
18:00:00,Tuesday,31-50,Male,Junior high school,Employee,Below 1yr,Lorry (11?40Q),Owner,Residential areas,Undivided Two way,Tangent road with flat terrain,No junction,Asphalt roads,Dry,Daylight,Normal,Vehicle with vehicle collision,3,2,Going straight,Pedestrian,Male,31-50,3,Not a Pedestrian,Driving to the left,Slight Injury
18:00:00,Tuesday,18-30,Male,Junior high school,Employee,2-5yr,Lorry (41?100Q),Owner,Office areas,Double carriageway (median),Tangent road with flat terrain,No junction,Asphalt roads,Dry,Daylight,Normal,Vehicle with vehicle collision,3,2,Going straight,Driver or rider,Male,Over 51,3,Not a Pedestrian,Overtaking,Slight Injury
18:00:00,Tuesday,Unknown,Female,Junior high school,Employee,5-10yr,Public (12 seats),Owner,Office areas,Double carriageway (median),Tangent road with flat terrain,No junction,Asphalt roads,Dry,Daylight,Normal,Vehicle with vehicle collision,3,2,Going straight,na,na,na,na,Not a Pedestrian,No priority to vehicle,Slight Injury
18:00:00,Tuesday,18-30,Male,Junior high school,Employee,Above 10yr,,,Other,Two-way (divided with broken lines road marking),Tangent road with flat terrain,Crossing,Earth roads,Dry,Daylight,Normal,Collision with roadside objects,2,1,Going straight,Driver or rider,Male,31-50,3,Not a Pedestrian,Moving Backward,Slight Injury
18:00:00,Tuesday,Under 18,Male,Elementary school,Employee,2-5yr,Taxi,Owner,Other,Two-way (divided with broken lines road marking),Tangent road with flat terrain,Crossing,Asphalt roads,Dry,Daylight,Normal,Rollover,2,1,Going straight,na,na,na,na,Not a Pedestrian,Other,Slight Injury
22:15:00,Friday,18-30,Unknown,Elementary school,Owner,Above 10yr,,Owner,Residential areas,Two-way (divided with broken lines road marking),Tangent road with flat terrain,O Shape,Asphalt roads,Dry,Darkness - lights lit,Normal,Vehicle with vehicle collision,2,1,Going straight,na,na,na,na,Not a Pedestrian,No priority to vehicle,Slight Injury
22:15:00,Friday,Unknown,Female,Junior high school,Employee,1-2yr,Automobile,Owner, Church areas,Two-way (divided with broken lines road marking),Tangent road with flat terrain,O Shape,Asphalt roads,Dry,Darkness - lights lit,Normal,Collision with pedestrians,2,1,Going straight,Driver or rider,Male,18-30,3,Not a Pedestrian,No priority to pedestrian,Slight Injury
15:40:00,Wednesday,Under 18,Male,Junior high school,Employee,5-10yr,,Governmental, Church areas,Double carriageway (median),Tangent road with flat terrain,Y Shape,Asphalt roads,Wet or damp,Daylight,Normal,Vehicle with vehicle collision,2,1,Going straight,na,na,na,na,Not a Pedestrian,Changing lane to the right,Slight Injury
15:40:00,Wednesday,31-50,Male,Junior high school,Employee,2-5yr,Lorry (41?100Q),Owner,Residential areas,Double carriageway (median),Tangent road with flat terrain,Y Shape,Other,Wet or damp,Daylight,Normal,Vehicle with vehicle collision,2,1,Going straight,Driver or rider,Female,31-50,3,Not a Pedestrian,Changing lane to the right,Slight Injury
22:45:00,Thursday,18-30,Male,Junior high school,Employee,2-5yr,Automobile,Owner,Office areas,Two-way (divided with broken lines road marking),Tangent road with mild grade and flat terrain,No junction,Gravel roads,Dry,Darkness - lights lit,Normal,Collision with pedestrians,2,1,Going straight,na,na,na,na,Not a Pedestrian,Changing lane to the right,Slight Injury
22:45:00,Thursday,Unknown,Male,Junior high school,Employee,2-5yr,Automobile,Owner,Office areas,Two-way (divided with broken lines road marking),Tangent road with mild grade and flat terrain,No junction,Gravel roads,Dry,Darkness - lights lit,Normal,Collision with pedestrians,2,1,Going straight,Driver or rider,Female,Under 18,3,Not a Pedestrian,Driving to the left,Slight Injury
08:00:00,Thursday,18-30,Male,Junior high school,Employee,2-5yr,Lorry (41?100Q),Owner,Residential areas,Two-way (divided with broken lines road marking),Tangent road with flat terrain,Crossing,Asphalt roads,Dry,Daylight,Normal,Vehicle with vehicle collision,2,1,Moving Backward,Pedestrian,Male,18-30,3,"In carriageway, statioNot a Pedestrianry - not crossing  (standing or playing)",Changing lane to the left,Slight Injury
08:00:00,Thursday,18-30,Male,Junior high school,Employee,Above 10yr,Automobile,Owner, Church areas,other,Tangent road with flat terrain,Crossing,Asphalt roads,Dry,Daylight,Normal,Vehicle with vehicle collision,2,1,Going straight,na,na,na,na,Not a Pedestrian,Moving Backward,Slight Injury
12:24:00,Saturday,Over 51,Male,Junior high school,Employee,Above 10yr,Automobile,Owner,Other,Two-way (divided with broken lines road marking),Tangent road with flat terrain,Crossing,Earth roads,Dry,Daylight,Normal,Vehicle with vehicle collision,1,1,Moving Backward,na,na,na,na,Not a Pedestrian,Driving at high speed,Slight Injury
12:45:00,Saturday,31-50,Male,Elementary school,Employee,5-10yr,Automobile,Owner,Office areas,Two-way (divided with broken lines road marking),Tangent road with flat terrain,Y Shape,Asphalt roads,Dry,Daylight,Normal,Vehicle with vehicle collision,2,1,Moving Backward,Driver or rider,Male,18-30,3,Not a Pedestrian,Moving Backward,Slight Injury
12:45:00,Saturday,31-50,Male,,Employee,,Taxi,Owner,Other,Two-way (divided with broken lines road marking),Tangent road with flat terrain,Y Shape,Asphalt roads,Dry,Daylight,Normal,Vehicle with vehicle collision,2,1,Going straight,Driver or rider,Female,31-50,3,Not a Pedestrian,No distancing,Slight Injury
01:32:00,Monday,31-50,Male,,Employee,2-5yr,,Owner,Other,Two-way (divided with broken lines road marking),Tangent road with flat terrain,Crossing,Asphalt roads,Dry,Darkness - lights lit,Normal,Collision with roadside objects,1,1,Going straight,Driver or rider,Male,Over 51,3,Not a Pedestrian,Other,Slight Injury
21:55:00,Sunday,18-30,Male,Elementary school,Employee,5-10yr,,Owner,,,Tangent road with flat terrain,Crossing,Asphalt roads,Dry,Darkness - lights lit,Normal,Vehicle with vehicle collision,2,1,Going straight,Passenger,Male,31-50,3,Not a Pedestrian,No priority to vehicle,Slight Injury
21:55:00,Sunday,Under 18,Male,Junior high school,Employee,5-10yr,Automobile,Governmental,Residential areas,Two-way (divided with broken lines road marking),,Crossing,Earth roads,Dry,Darkness - lights lit,Normal,Vehicle with vehicle collision,2,1,Going straight,Driver or rider,Male,31-50,2,Not a Pedestrian,Changing lane to the right,Slight Injury
11:50:00,Monday,18-30,Male,Junior high school,Employee,Above 10yr,Pick up upto 10Q,Owner, Church areas,Undivided Two way,Tangent road with flat terrain,Y Shape,Asphalt roads,Dry,Daylight,Normal,Vehicle with vehicle collision,2,1,Going straight,na,na,na,na,Not a Pedestrian,Other,Slight Injury
11:50:00,Monday,18-30,Male,Junior high school,Employee,5-10yr,,,Other,Undivided Two way,Tangent road with flat terrain,Y Shape,Asphalt roads,Dry,Daylight,Normal,Vehicle with vehicle collision,2,1,Going straight,Driver or rider,Male,Under 18,3,Not a Pedestrian,No distancing,Slight Injury
18:09:00,Monday,31-50,Male,Junior high school,Employee,Above 10yr,Automobile,Owner,Other,One way,Tangent road with flat terrain,No junction,Asphalt roads,Dry,Daylight,Normal,Vehicle with vehicle collision,2,1,,na,na,na,na,Not a Pedestrian,Driving carelessly,Slight Injury
18:09:00,Monday,31-50,Male,Elementary school,Employee,Below 1yr,Public (12 seats),Owner,Residential areas,Two-way (divided with broken lines road marking),Tangent road with flat terrain,No junction,Asphalt roads,Dry,Daylight,Normal,Vehicle with vehicle collision,2,1,Other,Driver or rider,Male,Over 51,3,Not a Pedestrian,No distancing,Slight Injury
07:50:00,Thursday,18-30,Male,Elementary school,Employee,5-10yr,Public (13?45 seats),Owner,Office areas,One way,Tangent road with flat terrain,Crossing,Asphalt roads,Dry,Daylight,Normal,Vehicle with vehicle collision,2,1,Going straight,Driver or rider,Male,31-50,3,Not a Pedestrian,Moving Backward,Slight Injury
07:50:00,Thursday,18-30,Male,Elementary school,Employee,1-2yr,Lorry (11?40Q),Owner, Industrial areas,Two-way (divided with broken lines road marking),Tangent road with flat terrain,Crossing,Asphalt roads,Dry,Daylight,Normal,Vehicle with vehicle collision,2,1,,Driver or rider,Female,Over 51,3,Not a Pedestrian,No distancing,Slight Injury
12:17:00,Tuesday,31-50,Unknown,Elementary school,Employee,5-10yr,Stationwagen,Governmental,Residential areas,Double carriageway (median),Tangent road with flat terrain,No junction,Asphalt roads,Dry,Daylight,Normal,Vehicle with vehicle collision,2,1,Overtaking,na,na,na,na,Not a Pedestrian,Moving Backward,Slight Injury
12:17:00,Tuesday,Unknown,Female,Elementary school,Employee,5-10yr,Ridden horse,Owner,Office areas,Unknown,Tangent road with flat terrain,No junction,Asphalt roads,Dry,Daylight,Normal,Vehicle with vehicle collision,2,1,Reversing,Driver or rider,Male,18-30,3,Not a Pedestrian,No priority to pedestrian,Slight Injury
17:00:00,Tuesday,18-30,Male,Elementary school,Employee,2-5yr,Stationwagen,Owner,Other,,Tangent road with flat terrain,Y Shape,Asphalt roads,Wet or damp,Daylight,Normal,Vehicle with vehicle collision,1,1,Going straight,Passenger,Male,Under 18,3,Not a Pedestrian,Changing lane to the left,Slight Injury
17:19:00,Tuesday,Unknown,Male,Elementary school,Employee,5-10yr,Automobile,Owner, Church areas,other,Tangent road with flat terrain,No junction,Asphalt roads,Dry,Daylight,Normal,Vehicle with vehicle collision,1,1,Other,Passenger,Male,18-30,3,Not a Pedestrian,No distancing,Slight Injury
02:30:00,Sunday,Unknown,Female,,,5-10yr,Automobile,Owner, Industrial areas,,Tangent road with flat terrain,Y Shape,Earth roads,Dry,Darkness - lights lit,Normal,Vehicle with vehicle collision,1,1,Moving Backward,na,na,na,na,Not a Pedestrian,Other,Slight Injury
17:00:00,Saturday,Unknown,Male,Junior high school,Employee,Above 10yr,Other,Owner,  Recreational areas,One way,Tangent road with flat terrain,Y Shape,Asphalt roads,Dry,Daylight,Normal,Vehicle with vehicle collision,2,1,Going straight,Driver or rider,Male,18-30,3,Not a Pedestrian,No distancing,Slight Injury
17:00:00,Saturday,18-30,Male,Junior high school,Employee,Above 10yr,Taxi,Owner,  Market areas,Undivided Two way,Tangent road with flat terrain,Y Shape,Asphalt roads,Dry,Daylight,Normal,Vehicle with vehicle collision,2,1,Other,na,na,na,na,Not a Pedestrian,No priority to pedestrian,Slight Injury
17:10:00,Saturday,31-50,Male,Elementary school,Employee,Below 1yr,Automobile,Owner,Other,Two-way (divided with broken lines road marking),Tangent road with flat terrain,Y Shape,Asphalt roads,Dry,Daylight,Normal,Collision with roadside objects,2,1,Moving Backward,Driver or rider,Female,18-30,3,Not a Pedestrian,Moving Backward,Serious Injury
17:10:00,Saturday,18-30,Male,Elementary school,Employee,5-10yr,Stationwagen,Owner,Other,Two-way (divided with broken lines road marking),Tangent road with flat terrain,Y Shape,Asphalt roads,Dry,Daylight,Normal,Vehicle with vehicle collision,2,1,Going straight,na,na,na,na,Not a Pedestrian,No priority to pedestrian,Serious Injury
06:30:00,Saturday,18-30,Male,Elementary school,Owner,5-10yr,Automobile,Owner, Industrial areas,Two-way (divided with broken lines road marking),,Crossing,Earth roads,Dry,Daylight,Normal,Vehicle with vehicle collision,2,1,Going straight,na,na,na,na,Not a Pedestrian,No distancing,Slight Injury
06:30:00,Saturday,18-30,Male,Elementary school,Employee,2-5yr,Public (12 seats),Governmental,Other,Two-way (divided with broken lines road marking),Tangent road with flat terrain,Crossing,Asphalt roads,Dry,Daylight,Normal,Vehicle with vehicle collision,2,1,Moving Backward,na,na,na,na,Not a Pedestrian,No priority to pedestrian,Slight Injury